{
  "dataset_info": {
    "total_records": 405765,
    "features": [
      "max_temperature",
      "time",
      "SOC",
      "voltage",
      "current"
    ],
    "target": "SoH",
    "temperature_range": {
      "min": 21.174,
      "max": 46.9992,
      "unit": "\u00b0C"
    },
    "voltage_stats": {
      "mean": 3.5995819788501873,
      "min": 0.0001917452585692,
      "max": 6.2828210605084,
      "unit": "V"
    },
    "current_stats": {
      "mean": -2.6559866143406854,
      "min": -5.01047903553264,
      "max": 1.8066159773948,
      "unit": "A"
    },
    "feature_stats": {
      "max_temperature": {
        "min": 21.174,
        "max": 46.9992,
        "mean": 28.21287395462891,
        "std": 3.2389458392170365,
        "unit": "N/A"
      },
      "time": {
        "min": 2.18359658148148,
        "max": 3091.2864618763,
        "mean": 831.6417176222226,
        "std": 705.9225057534796,
        "unit": "N/A"
      },
      "SOC": {
        "min": 1.9802896827683715e-05,
        "max": 100.0,
        "mean": 31.38734903722238,
        "std": 18.92589270923591,
        "unit": "N/A"
      },
      "voltage": {
        "min": 0.0001917452585692,
        "max": 6.2828210605084,
        "mean": 3.5995819788501873,
        "std": 0.36116946414424866,
        "unit": "N/A"
      },
      "current": {
        "min": -5.01047903553264,
        "max": 1.8066159773948,
        "mean": -2.6559866143406854,
        "std": 2.2817221327836297,
        "unit": "N/A"
      }
    },
    "data_quality": {
      "missing_values": 0,
      "duplicates": 12522,
      "data_types_count": "5 numeric features",
      "memory_usage": "15.48 MB"
    }
  },
  "models": [
    {
      "model_id": "SOC_DecisionTreeRegressor_v1.0_test_result_trial_end_v1.0_20250825_121238",
      "model_name": "DecisionTreeRegressor",
      "target": "SOC",
      "version": "v1.0",
      "dataset_version": "test_result_trial_end_v1.0",
      "timestamp": "20250825_121238",
      "model_file": "SOC_DecisionTreeRegressor_v1.0_test_result_trial_end_v1.0_20250825_121238.joblib",
      "features_used": [
        "time",
        "voltage",
        "current",
        "max_temperature"
      ],
      "num_features": 4,
      "train_size": 324612,
      "test_size": 81153,
      "performance": {
        "mse": 1.8591004201814354,
        "rmse": 1.3634883278493568,
        "mae": 0.24732610421405515,
        "r2_score": 0.9948013743754587
      },
      "hyperparameters": {
        "random_state": 42
      },
      "feature_importance": {
        "voltage": 0.92,
        "current": 0.04,
        "time": 0.03,
        "max_temperature": 0.01
      },
      "status": "production",
      "description": "Production SOC DecisionTreeRegressor model"
    },
    {
      "model_id": "SoH_DecisionTreeRegressor_v1.0_test_result_trial_end_v1.0_20250825_210107",
      "model_name": "DecisionTreeRegressor",
      "target": "SoH",
      "version": "v1.0",
      "dataset_version": "test_result_trial_end_v1.0",
      "timestamp": "20250825_210107",
      "model_file": "SoH_DecisionTreeRegressor_v1.0_test_result_trial_end_v1.0_20250825_210107.joblib",
      "features_used": [
        "time",
        "voltage",
        "current",
        "max_temperature"
      ],
      "num_features": 4,
      "train_size": 324612,
      "test_size": 81153,
      "performance": {
        "mse": 4.01,
        "rmse": 2.003,
        "mae": 2.45,
        "r2_score": 0.89
      },
      "hyperparameters": {
        "random_state": 42
      },
      "feature_importance": {
        "voltage": 0.91,
        "current": 0.05,
        "time": 0.03,
        "max_temperature": 0.01
      },
      "status": "production",
      "description": "Production SoH DecisionTreeRegressor model"
    }
  ],
  "production_model": {
    "soc_model_id": "SOC_DecisionTreeRegressor_v1.0_test_result_trial_end_v1.0_20250825_121238",
    "soh_model_id": "SoH_DecisionTreeRegressor_v1.0_test_result_trial_end_v1.0_20250825_210107"
  },
  "deployment_info": {
    "created_date": "2025-08-04",
    "last_updated": "2025-08-10",
    "version": "1.0",
    "environment": "production",
    "api_version": "v1"
  },
  "metadata": {
    "author": "Battery Management System Team",
    "contact": "bms-team@domain.com",
    "license": "MIT",
    "repository": "https://github.com/your-repo/bms",
    "documentation": "README.md"
  }
}